Tool-Reference	CellType	Sample	Prediction	Answer	Error	SqError
Cibersort-BLUEPRINT	B Cells	A	0.0233	0.194	0.1707	0.02913849
Cibersort-BLUEPRINT	Monocytes	A	0.43533	0.194	0.24133	0.0582401689
Cibersort-BLUEPRINT	NK	A	0.0	0.194	0.194	0.037636
Cibersort-BLUEPRINT	Neutrophils	A	0.0	0.03	0.03	0.0009
Cibersort-BLUEPRINT	T Cells	A	0.54137	0.388	0.15337	0.0235223569
Cibersort-BLUEPRINT	B Cells	B	0.00354	0.194	0.19046	0.0362750116
Cibersort-BLUEPRINT	Monocytes	B	0.39323	0.194	0.19923	0.0396925929
Cibersort-BLUEPRINT	NK	B	0.0	0.194	0.194	0.037636
Cibersort-BLUEPRINT	Neutrophils	B	0.0	0.03	0.03	0.0009
Cibersort-BLUEPRINT	T Cells	B	0.60324	0.388	0.21524	0.0463282576
Cibersort-BLUEPRINT	B Cells	C	0.0	0.005	0.005	2.5e-05
Cibersort-BLUEPRINT	Monocytes	C	0.20737	0.01	0.19737	0.0389549169
Cibersort-BLUEPRINT	NK	C	0.0	0.051	0.051	0.002601
Cibersort-BLUEPRINT	Neutrophils	C	0.07295	0.004	0.06895	0.0047541025
Cibersort-BLUEPRINT	T Cells	C	0.71968	0.93	0.21032	0.0442345024
Cibersort-BLUEPRINT	B Cells	D	0.0	0.005	0.005	2.5e-05
Cibersort-BLUEPRINT	Monocytes	D	0.24738	0.01	0.23738	0.0563492644
Cibersort-BLUEPRINT	NK	D	0.0	0.051	0.051	0.002601
Cibersort-BLUEPRINT	Neutrophils	D	0.0	0.004	0.004	1.6e-05
Cibersort-BLUEPRINT	T Cells	D	0.75262	0.93	0.17738	0.0314636644
Cibersort-BLUEPRINT	B Cells	E	0.0	0.01	0.01	0.0001
Cibersort-BLUEPRINT	Monocytes	E	0.2307	0.026	0.2047	0.04190209
Cibersort-BLUEPRINT	NK	E	0.0	0.104	0.104	0.010816
Cibersort-BLUEPRINT	Neutrophils	E	0.04017	0.008	0.03217	0.0010349089
Cibersort-BLUEPRINT	T Cells	E	0.72913	0.851	0.12187	0.0148522969
Cibersort-BLUEPRINT	B Cells	F	0.0	0.027	0.027	0.000729
Cibersort-BLUEPRINT	Monocytes	F	0.1575	0.055	0.1025	0.01050625
Cibersort-BLUEPRINT	NK	F	0.0	0.885	0.885	0.783225
Cibersort-BLUEPRINT	Neutrophils	F	0.0	0.017	0.017	0.000289
Cibersort-BLUEPRINT	T Cells	F	0.8425	0.016	0.8265	0.68310225
Cibersort-BLUEPRINT	B Cells	G	0.0171	0.159	0.1419	0.02013561
Cibersort-BLUEPRINT	Monocytes	G	0.27426	0.319	0.04474	0.0020016676
Cibersort-BLUEPRINT	NK	G	0.0	0.016	0.016	0.000256
Cibersort-BLUEPRINT	Neutrophils	G	0.37985	0.395	0.01515	0.0002295225
Cibersort-BLUEPRINT	T Cells	G	0.32879	0.112	0.21679	0.0469979041
Cibersort-BLUEPRINT	B Cells	H	0.07348	0.1	0.02652	0.0007033104
Cibersort-BLUEPRINT	Monocytes	H	0.52982	0.813	0.28318	0.0801909124
Cibersort-BLUEPRINT	NK	H	0.0	0.01	0.01	0.0001
Cibersort-BLUEPRINT	Neutrophils	H	0.04468	0.001	0.04368	0.0019079424
Cibersort-BLUEPRINT	T Cells	H	0.35202	0.075	0.27702	0.0767400804
Cibersort-BLUEPRINT	B Cells	I	0.08511	0.1	0.01489	0.0002217121
Cibersort-BLUEPRINT	Monocytes	I	0.55729	0.813	0.25571	0.0653876041
Cibersort-BLUEPRINT	NK	I	0.0	0.01	0.01	0.0001
Cibersort-BLUEPRINT	Neutrophils	I	0.02835	0.001	0.02735	0.0007480225
Cibersort-BLUEPRINT	T Cells	I	0.32924	0.075	0.25424	0.0646379776
Cibersort-BLUEPRINT	B Cells	J	0.0	0.0	0.0	0.0
Cibersort-BLUEPRINT	Monocytes	J	0.07943	0.0	0.07943	0.0063091249
Cibersort-BLUEPRINT	NK	J	0.0	0.0	0.0	0.0
Cibersort-BLUEPRINT	Neutrophils	J	0.0	0.0	0.0	0.0
Cibersort-BLUEPRINT	T Cells	J	0.92057	1.0	0.07943	0.0063091249
Cibersort-BLUEPRINT	B Cells	K	0.0	0.0	0.0	0.0
Cibersort-BLUEPRINT	Monocytes	K	0.01493	0.0	0.01493	0.0002229049
Cibersort-BLUEPRINT	NK	K	0.0	0.0	0.0	0.0
Cibersort-BLUEPRINT	Neutrophils	K	0.0	0.0	0.0	0.0
Cibersort-BLUEPRINT	T Cells	K	0.98507	1.0	0.01493	0.0002229049
Cibersort-BLUEPRINT	B Cells	L	0.0	0.0	0.0	0.0
Cibersort-BLUEPRINT	Monocytes	L	0.24405	0.0	0.24405	0.0595604025
Cibersort-BLUEPRINT	NK	L	0.0	0.0	0.0	0.0
Cibersort-BLUEPRINT	Neutrophils	L	0.04904	0.0	0.04904	0.0024049216
Cibersort-BLUEPRINT	T Cells	L	0.70691	1.0	0.29309	0.0859017481
Cibersort-HPCA	B Cells	A	0.02009	0.194	0.17391	0.0302446881
Cibersort-HPCA	Monocytes	A	0.46293	0.194	0.26893	0.0723233449
Cibersort-HPCA	NK	A	0.1394	0.194	0.0546	0.00298116
Cibersort-HPCA	Neutrophils	A	0.02028	0.03	0.00972	9.44784e-05
Cibersort-HPCA	T Cells	A	0.30842	0.388	0.07958	0.0063329764
Cibersort-HPCA	B Cells	B	0.02572	0.194	0.16828	0.0283181584
Cibersort-HPCA	Monocytes	B	0.44551	0.194	0.25151	0.0632572801
Cibersort-HPCA	NK	B	0.14938	0.194	0.04462	0.0019909444
Cibersort-HPCA	Neutrophils	B	0.01715	0.03	0.01285	0.0001651225
Cibersort-HPCA	T Cells	B	0.31021	0.388	0.07779	0.0060512841
Cibersort-HPCA	B Cells	C	0.0	0.005	0.005	2.5e-05
Cibersort-HPCA	Monocytes	C	0.11049	0.01	0.10049	0.0100982401
Cibersort-HPCA	NK	C	0.07759	0.051	0.02659	0.0007070281
Cibersort-HPCA	Neutrophils	C	0.0	0.004	0.004	1.6e-05
Cibersort-HPCA	T Cells	C	0.78476	0.93	0.14524	0.0210946576
Cibersort-HPCA	B Cells	D	0.00081	0.005	0.00419	1.75561e-05
Cibersort-HPCA	Monocytes	D	0.1192	0.01	0.1092	0.01192464
Cibersort-HPCA	NK	D	0.07035	0.051	0.01935	0.0003744225
Cibersort-HPCA	Neutrophils	D	0.0	0.004	0.004	1.6e-05
Cibersort-HPCA	T Cells	D	0.78347	0.93	0.14653	0.0214710409
Cibersort-HPCA	B Cells	E	0.0	0.01	0.01	0.0001
Cibersort-HPCA	Monocytes	E	0.16114	0.026	0.13514	0.0182628196
Cibersort-HPCA	NK	E	0.1991	0.104	0.0951	0.00904401
Cibersort-HPCA	Neutrophils	E	0.00759	0.008	0.00041	1.681e-07
Cibersort-HPCA	T Cells	E	0.57305	0.851	0.27795	0.0772562025
Cibersort-HPCA	B Cells	F	0.0	0.027	0.027	0.000729
Cibersort-HPCA	Monocytes	F	0.29296	0.055	0.23796	0.0566249616
Cibersort-HPCA	NK	F	0.3657	0.885	0.5193	0.26967249
Cibersort-HPCA	Neutrophils	F	0.01958	0.017	0.00258	6.6564e-06
Cibersort-HPCA	T Cells	F	0.2706	0.016	0.2546	0.06482116
Cibersort-HPCA	B Cells	G	0.0134	0.159	0.1456	0.02119936
Cibersort-HPCA	Monocytes	G	0.57818	0.319	0.25918	0.0671742724
Cibersort-HPCA	NK	G	0.101	0.016	0.085	0.007225
Cibersort-HPCA	Neutrophils	G	0.13752	0.395	0.25748	0.0662959504
Cibersort-HPCA	T Cells	G	0.13862	0.112	0.02662	0.0007086244
Cibersort-HPCA	B Cells	H	0.0	0.1	0.1	0.01
Cibersort-HPCA	Monocytes	H	0.75882	0.813	0.05418	0.0029354724
Cibersort-HPCA	NK	H	0.07018	0.01	0.06018	0.0036216324
Cibersort-HPCA	Neutrophils	H	0.00154	0.001	0.00054	2.916e-07
Cibersort-HPCA	T Cells	H	0.06567	0.075	0.00933	8.70489e-05
Cibersort-HPCA	B Cells	I	0.0	0.1	0.1	0.01
Cibersort-HPCA	Monocytes	I	0.76132	0.813	0.05168	0.0026708224
Cibersort-HPCA	NK	I	0.06663	0.01	0.05663	0.0032069569
Cibersort-HPCA	Neutrophils	I	0.0	0.001	0.001	1e-06
Cibersort-HPCA	T Cells	I	0.07591	0.075	0.00091	8.281e-07
Cibersort-HPCA	B Cells	J	0.01625	0.0	0.01625	0.0002640625
Cibersort-HPCA	Monocytes	J	0.03059	0.0	0.03059	0.0009357481
Cibersort-HPCA	NK	J	0.06919	0.0	0.06919	0.0047872561
Cibersort-HPCA	Neutrophils	J	0.0	0.0	0.0	0.0
Cibersort-HPCA	T Cells	J	0.83823	1.0	0.16177	0.0261695329
Cibersort-HPCA	B Cells	K	0.00503	0.0	0.00503	2.53009e-05
Cibersort-HPCA	Monocytes	K	0.01019	0.0	0.01019	0.0001038361
Cibersort-HPCA	NK	K	0.15653	0.0	0.15653	0.0245016409
Cibersort-HPCA	Neutrophils	K	0.0	0.0	0.0	0.0
Cibersort-HPCA	T Cells	K	0.77751	1.0	0.22249	0.0495018001
Cibersort-HPCA	B Cells	L	0.00024	0.0	0.00024	5.76e-08
Cibersort-HPCA	Monocytes	L	0.11728	0.0	0.11728	0.0137545984
Cibersort-HPCA	NK	L	0.08341	0.0	0.08341	0.0069572281
Cibersort-HPCA	Neutrophils	L	0.0	0.0	0.0	0.0
Cibersort-HPCA	T Cells	L	0.74976	1.0	0.25024	0.0626200576
Cibersort-ImmunoStates	B Cells	A	0.08648	0.194	0.10752	0.0115605504
Cibersort-ImmunoStates	Monocytes	A	0.30051	0.194	0.10651	0.0113443801
Cibersort-ImmunoStates	NK	A	0.19596	0.194	0.00196	3.8416e-06
Cibersort-ImmunoStates	Neutrophils	A	0.0	0.03	0.03	0.0009
Cibersort-ImmunoStates	T Cells	A	0.28957	0.388	0.09843	0.0096884649
Cibersort-ImmunoStates	B Cells	B	0.07728	0.194	0.11672	0.0136235584
Cibersort-ImmunoStates	Monocytes	B	0.27858	0.194	0.08458	0.0071537764
Cibersort-ImmunoStates	NK	B	0.21666	0.194	0.02266	0.0005134756
Cibersort-ImmunoStates	Neutrophils	B	0.00309	0.03	0.02691	0.0007241481
Cibersort-ImmunoStates	T Cells	B	0.30796	0.388	0.08004	0.0064064016
Cibersort-ImmunoStates	B Cells	C	0.00515	0.005	0.00015	2.25e-08
Cibersort-ImmunoStates	Monocytes	C	0.03691	0.01	0.02691	0.0007241481
Cibersort-ImmunoStates	NK	C	0.20041	0.051	0.14941	0.0223233481
Cibersort-ImmunoStates	Neutrophils	C	0.00046	0.004	0.00354	1.25316e-05
Cibersort-ImmunoStates	T Cells	C	0.69801	0.93	0.23199	0.0538193601
Cibersort-ImmunoStates	B Cells	D	0.00806	0.005	0.00306	9.3636e-06
Cibersort-ImmunoStates	Monocytes	D	0.03717	0.01	0.02717	0.0007382089
Cibersort-ImmunoStates	NK	D	0.21234	0.051	0.16134	0.0260305956
Cibersort-ImmunoStates	Neutrophils	D	0.0	0.004	0.004	1.6e-05
Cibersort-ImmunoStates	T Cells	D	0.67186	0.93	0.25814	0.0666362596
Cibersort-ImmunoStates	B Cells	E	0.01674	0.01	0.00674	4.54276e-05
Cibersort-ImmunoStates	Monocytes	E	0.096	0.026	0.07	0.0049
Cibersort-ImmunoStates	NK	E	0.27761	0.104	0.17361	0.0301404321
Cibersort-ImmunoStates	Neutrophils	E	0.0	0.008	0.008	6.4e-05
Cibersort-ImmunoStates	T Cells	E	0.49123	0.851	0.35977	0.1294344529
Cibersort-ImmunoStates	B Cells	F	0.01373	0.027	0.01327	0.0001760929
Cibersort-ImmunoStates	Monocytes	F	0.12371	0.055	0.06871	0.0047210641
Cibersort-ImmunoStates	NK	F	0.59287	0.885	0.29213	0.0853399369
Cibersort-ImmunoStates	Neutrophils	F	0.00709	0.017	0.00991	9.82081e-05
Cibersort-ImmunoStates	T Cells	F	0.12145	0.016	0.10545	0.0111197025
Cibersort-ImmunoStates	B Cells	G	0.09132	0.159	0.06768	0.0045805824
Cibersort-ImmunoStates	Monocytes	G	0.4284	0.319	0.1094	0.01196836
Cibersort-ImmunoStates	NK	G	0.0	0.016	0.016	0.000256
Cibersort-ImmunoStates	Neutrophils	G	0.12097	0.395	0.27403	0.0750924409
Cibersort-ImmunoStates	T Cells	G	0.11406	0.112	0.00206	4.2436e-06
Cibersort-ImmunoStates	B Cells	H	0.05994	0.1	0.04006	0.0016048036
Cibersort-ImmunoStates	Monocytes	H	0.64497	0.813	0.16803	0.0282340809
Cibersort-ImmunoStates	NK	H	0.0	0.01	0.01	0.0001
Cibersort-ImmunoStates	Neutrophils	H	0.0	0.001	0.001	1e-06
Cibersort-ImmunoStates	T Cells	H	0.13132	0.075	0.05632	0.0031719424
Cibersort-ImmunoStates	B Cells	I	0.07056	0.1	0.02944	0.0008667136
Cibersort-ImmunoStates	Monocytes	I	0.63963	0.813	0.17337	0.0300571569
Cibersort-ImmunoStates	NK	I	0.0	0.01	0.01	0.0001
Cibersort-ImmunoStates	Neutrophils	I	0.0	0.001	0.001	1e-06
Cibersort-ImmunoStates	T Cells	I	0.12871	0.075	0.05371	0.0028847641
Cibersort-ImmunoStates	B Cells	J	0.01577	0.0	0.01577	0.0002486929
Cibersort-ImmunoStates	Monocytes	J	0.01058	0.0	0.01058	0.0001119364
Cibersort-ImmunoStates	NK	J	0.11386	0.0	0.11386	0.0129640996
Cibersort-ImmunoStates	Neutrophils	J	0.0	0.0	0.0	0.0
Cibersort-ImmunoStates	T Cells	J	0.75942	1.0	0.24058	0.0578787364
Cibersort-ImmunoStates	B Cells	K	0.00635	0.0	0.00635	4.03225e-05
Cibersort-ImmunoStates	Monocytes	K	0.02887	0.0	0.02887	0.0008334769
Cibersort-ImmunoStates	NK	K	0.17553	0.0	0.17553	0.0308107809
Cibersort-ImmunoStates	Neutrophils	K	0.00746	0.0	0.00746	5.56516e-05
Cibersort-ImmunoStates	T Cells	K	0.7134	1.0	0.2866	0.08213956
Cibersort-ImmunoStates	B Cells	L	0.02172	0.0	0.02172	0.0004717584
Cibersort-ImmunoStates	Monocytes	L	0.02575	0.0	0.02575	0.0006630625
Cibersort-ImmunoStates	NK	L	0.1095	0.0	0.1095	0.01199025
Cibersort-ImmunoStates	Neutrophils	L	0.01158	0.0	0.01158	0.0001340964
Cibersort-ImmunoStates	T Cells	L	0.74467	1.0	0.25533	0.0651934089
Cibersort-LM22	B Cells	A	0.06822	0.194	0.12578	0.0158206084
Cibersort-LM22	Monocytes	A	0.3198	0.194	0.1258	0.01582564
Cibersort-LM22	NK	A	0.18513	0.194	0.00887	7.86769e-05
Cibersort-LM22	Neutrophils	A	0.02013	0.03	0.00987	9.74169e-05
Cibersort-LM22	T Cells	A	0.37645	0.388	0.01155	0.0001334025
Cibersort-LM22	B Cells	B	0.08556	0.194	0.10844	0.0117592336
Cibersort-LM22	Monocytes	B	0.30777	0.194	0.11377	0.0129436129
Cibersort-LM22	NK	B	0.2134	0.194	0.0194	0.00037636
Cibersort-LM22	Neutrophils	B	0.0	0.03	0.03	0.0009
Cibersort-LM22	T Cells	B	0.34914	0.388	0.03886	0.0015100996
Cibersort-LM22	B Cells	C	0.01754	0.005	0.01254	0.0001572516
Cibersort-LM22	Monocytes	C	0.05272	0.01	0.04272	0.0018249984
Cibersort-LM22	NK	C	0.08517	0.051	0.03417	0.0011675889
Cibersort-LM22	Neutrophils	C	0.00031	0.004	0.00369	1.36161e-05
Cibersort-LM22	T Cells	C	0.82299	0.93	0.10701	0.0114511401
Cibersort-LM22	B Cells	D	0.02095	0.005	0.01595	0.0002544025
Cibersort-LM22	Monocytes	D	0.0587	0.01	0.0487	0.00237169
Cibersort-LM22	NK	D	0.08059	0.051	0.02959	0.0008755681
Cibersort-LM22	Neutrophils	D	0.0	0.004	0.004	1.6e-05
Cibersort-LM22	T Cells	D	0.82813	0.93	0.10187	0.0103774969
Cibersort-LM22	B Cells	E	0.0105	0.01	0.0005	2.5e-07
Cibersort-LM22	Monocytes	E	0.09357	0.026	0.06757	0.0045657049
Cibersort-LM22	NK	E	0.17036	0.104	0.06636	0.0044036496
Cibersort-LM22	Neutrophils	E	0.0102	0.008	0.0022	4.84e-06
Cibersort-LM22	T Cells	E	0.71121	0.851	0.13979	0.0195412441
Cibersort-LM22	B Cells	F	0.02331	0.027	0.00369	1.36161e-05
Cibersort-LM22	Monocytes	F	0.12892	0.055	0.07392	0.0054641664
Cibersort-LM22	NK	F	0.57884	0.885	0.30616	0.0937339456
Cibersort-LM22	Neutrophils	F	0.0	0.017	0.017	0.000289
Cibersort-LM22	T Cells	F	0.20146	0.016	0.18546	0.0343954116
Cibersort-LM22	B Cells	G	0.08292	0.159	0.07608	0.0057881664
Cibersort-LM22	Monocytes	G	0.42238	0.319	0.10338	0.0106874244
Cibersort-LM22	NK	G	0.12301	0.016	0.10701	0.0114511401
Cibersort-LM22	Neutrophils	G	0.15881	0.395	0.23619	0.0557857161
Cibersort-LM22	T Cells	G	0.15921	0.112	0.04721	0.0022287841
Cibersort-LM22	B Cells	H	0.05441	0.1	0.04559	0.0020784481
Cibersort-LM22	Monocytes	H	0.74896	0.813	0.06404	0.0041011216
Cibersort-LM22	NK	H	0.03184	0.01	0.02184	0.0004769856
Cibersort-LM22	Neutrophils	H	0.0	0.001	0.001	1e-06
Cibersort-LM22	T Cells	H	0.12641	0.075	0.05141	0.0026429881
Cibersort-LM22	B Cells	I	0.04879	0.1	0.05121	0.0026224641
Cibersort-LM22	Monocytes	I	0.73932	0.813	0.07368	0.0054287424
Cibersort-LM22	NK	I	0.03781	0.01	0.02781	0.0007733961
Cibersort-LM22	Neutrophils	I	0.0	0.001	0.001	1e-06
Cibersort-LM22	T Cells	I	0.11739	0.075	0.04239	0.0017969121
Cibersort-LM22	B Cells	J	0.02344	0.0	0.02344	0.0005494336
Cibersort-LM22	Monocytes	J	0.0	0.0	0.0	0.0
Cibersort-LM22	NK	J	0.06967	0.0	0.06967	0.0048539089
Cibersort-LM22	Neutrophils	J	0.0	0.0	0.0	0.0
Cibersort-LM22	T Cells	J	0.87608	1.0	0.12392	0.0153561664
Cibersort-LM22	B Cells	K	0.00742	0.0	0.00742	5.50564e-05
Cibersort-LM22	Monocytes	K	0.0	0.0	0.0	0.0
Cibersort-LM22	NK	K	0.13558	0.0	0.13558	0.0183819364
Cibersort-LM22	Neutrophils	K	0.0	0.0	0.0	0.0
Cibersort-LM22	T Cells	K	0.83438	1.0	0.16562	0.0274299844
Cibersort-LM22	B Cells	L	0.00051	0.0	0.00051	2.601e-07
Cibersort-LM22	Monocytes	L	0.04526	0.0	0.04526	0.0020484676
Cibersort-LM22	NK	L	0.18817	0.0	0.18817	0.0354079489
Cibersort-LM22	Neutrophils	L	0.0	0.0	0.0	0.0
Cibersort-LM22	T Cells	L	0.75081	1.0	0.24919	0.0620956561
Decon-BLUEPRINT	B Cells	A	0.41789	0.194	0.22389	0.0501267321
Decon-BLUEPRINT	Monocytes	A	0.05086	0.194	0.14314	0.0204890596
Decon-BLUEPRINT	NK	A	0.0	0.194	0.194	0.037636
Decon-BLUEPRINT	Neutrophils	A	0.0	0.03	0.03	0.0009
Decon-BLUEPRINT	T Cells	A	0.53125	0.388	0.14325	0.0205205625
Decon-BLUEPRINT	B Cells	B	0.41725	0.194	0.22325	0.0498405625
Decon-BLUEPRINT	Monocytes	B	0.04289	0.194	0.15111	0.0228342321
Decon-BLUEPRINT	NK	B	0.0	0.194	0.194	0.037636
Decon-BLUEPRINT	Neutrophils	B	0.0	0.03	0.03	0.0009
Decon-BLUEPRINT	T Cells	B	0.53986	0.388	0.15186	0.0230614596
Decon-BLUEPRINT	B Cells	C	0.42051	0.005	0.41551	0.1726485601
Decon-BLUEPRINT	Monocytes	C	0.0	0.01	0.01	0.0001
Decon-BLUEPRINT	NK	C	0.0	0.051	0.051	0.002601
Decon-BLUEPRINT	Neutrophils	C	0.0	0.004	0.004	1.6e-05
Decon-BLUEPRINT	T Cells	C	0.57949	0.93	0.35051	0.1228572601
Decon-BLUEPRINT	B Cells	D	0.42233	0.005	0.41733	0.1741643289
Decon-BLUEPRINT	Monocytes	D	0.0	0.01	0.01	0.0001
Decon-BLUEPRINT	NK	D	0.0	0.051	0.051	0.002601
Decon-BLUEPRINT	Neutrophils	D	0.0	0.004	0.004	1.6e-05
Decon-BLUEPRINT	T Cells	D	0.57767	0.93	0.35233	0.1241364289
Decon-BLUEPRINT	B Cells	E	0.4203	0.01	0.4103	0.16834609
Decon-BLUEPRINT	Monocytes	E	0.0	0.026	0.026	0.000676
Decon-BLUEPRINT	NK	E	0.0	0.104	0.104	0.010816
Decon-BLUEPRINT	Neutrophils	E	0.0	0.008	0.008	6.4e-05
Decon-BLUEPRINT	T Cells	E	0.5797	0.851	0.2713	0.07360369
Decon-BLUEPRINT	B Cells	F	0.41862	0.027	0.39162	0.1533662244
Decon-BLUEPRINT	Monocytes	F	0.02126	0.055	0.03374	0.0011383876
Decon-BLUEPRINT	NK	F	0.0	0.885	0.885	0.783225
Decon-BLUEPRINT	Neutrophils	F	0.0	0.017	0.017	0.000289
Decon-BLUEPRINT	T Cells	F	0.56011	0.016	0.54411	0.2960556921
Decon-BLUEPRINT	B Cells	G	0.42021	0.159	0.26121	0.0682306641
Decon-BLUEPRINT	Monocytes	G	0.08519	0.319	0.23381	0.0546671161
Decon-BLUEPRINT	NK	G	0.0	0.016	0.016	0.000256
Decon-BLUEPRINT	Neutrophils	G	0.0	0.395	0.395	0.156025
Decon-BLUEPRINT	T Cells	G	0.4946	0.112	0.3826	0.14638276
Decon-BLUEPRINT	B Cells	H	0.41947	0.1	0.31947	0.1020610809
Decon-BLUEPRINT	Monocytes	H	0.09525	0.813	0.71775	0.5151650625
Decon-BLUEPRINT	NK	H	0.0	0.01	0.01	0.0001
Decon-BLUEPRINT	Neutrophils	H	0.0	0.001	0.001	1e-06
Decon-BLUEPRINT	T Cells	H	0.48527	0.075	0.41027	0.1683214729
Decon-BLUEPRINT	B Cells	I	0.42106	0.1	0.32106	0.1030795236
Decon-BLUEPRINT	Monocytes	I	0.0947	0.813	0.7183	0.51595489
Decon-BLUEPRINT	NK	I	0.0	0.01	0.01	0.0001
Decon-BLUEPRINT	Neutrophils	I	0.0	0.001	0.001	1e-06
Decon-BLUEPRINT	T Cells	I	0.48424	0.075	0.40924	0.1674773776
Decon-BLUEPRINT	B Cells	J	0.42305	0.0	0.42305	0.1789713025
Decon-BLUEPRINT	Monocytes	J	0.0	0.0	0.0	0.0
Decon-BLUEPRINT	NK	J	0.0	0.0	0.0	0.0
Decon-BLUEPRINT	Neutrophils	J	0.0	0.0	0.0	0.0
Decon-BLUEPRINT	T Cells	J	0.57695	1.0	0.42305	0.1789713025
Decon-BLUEPRINT	B Cells	K	0.4231	0.0	0.4231	0.17901361
Decon-BLUEPRINT	Monocytes	K	0.0	0.0	0.0	0.0
Decon-BLUEPRINT	NK	K	0.0	0.0	0.0	0.0
Decon-BLUEPRINT	Neutrophils	K	0.0	0.0	0.0	0.0
Decon-BLUEPRINT	T Cells	K	0.5769	1.0	0.4231	0.17901361
Decon-BLUEPRINT	B Cells	L	0.42198	0.0	0.42198	0.1780671204
Decon-BLUEPRINT	Monocytes	L	0.0	0.0	0.0	0.0
Decon-BLUEPRINT	NK	L	0.0	0.0	0.0	0.0
Decon-BLUEPRINT	Neutrophils	L	0.0	0.0	0.0	0.0
Decon-BLUEPRINT	T Cells	L	0.57802	1.0	0.42198	0.1780671204
Decon-HPCA	B Cells	A	0.0	0.194	0.194	0.037636
Decon-HPCA	Monocytes	A	0.0	0.194	0.194	0.037636
Decon-HPCA	NK	A	0.17498	0.194	0.01902	0.0003617604
Decon-HPCA	Neutrophils	A	0.38225	0.03	0.35225	0.1240800625
Decon-HPCA	T Cells	A	0.09062	0.388	0.29738	0.0884348644
Decon-HPCA	B Cells	B	0.0	0.194	0.194	0.037636
Decon-HPCA	Monocytes	B	0.0	0.194	0.194	0.037636
Decon-HPCA	NK	B	0.17469	0.194	0.01931	0.0003728761
Decon-HPCA	Neutrophils	B	0.38315	0.03	0.35315	0.1247149225
Decon-HPCA	T Cells	B	0.09323	0.388	0.29477	0.0868893529
Decon-HPCA	B Cells	C	0.0	0.005	0.005	2.5e-05
Decon-HPCA	Monocytes	C	0.0	0.01	0.01	0.0001
Decon-HPCA	NK	C	0.16851	0.051	0.11751	0.0138086001
Decon-HPCA	Neutrophils	C	0.34062	0.004	0.33662	0.1133130244
Decon-HPCA	T Cells	C	0.22962	0.93	0.70038	0.4905321444
Decon-HPCA	B Cells	D	0.0	0.005	0.005	2.5e-05
Decon-HPCA	Monocytes	D	0.0	0.01	0.01	0.0001
Decon-HPCA	NK	D	0.16495	0.051	0.11395	0.0129846025
Decon-HPCA	Neutrophils	D	0.33943	0.004	0.33543	0.1125132849
Decon-HPCA	T Cells	D	0.23183	0.93	0.69817	0.4874413489
Decon-HPCA	B Cells	E	0.0	0.01	0.01	0.0001
Decon-HPCA	Monocytes	E	0.0	0.026	0.026	0.000676
Decon-HPCA	NK	E	0.21082	0.104	0.10682	0.0114105124
Decon-HPCA	Neutrophils	E	0.35455	0.008	0.34655	0.1200969025
Decon-HPCA	T Cells	E	0.15884	0.851	0.69216	0.4790854656
Decon-HPCA	B Cells	F	0.0	0.027	0.027	0.000729
Decon-HPCA	Monocytes	F	0.0	0.055	0.055	0.003025
Decon-HPCA	NK	F	0.28499	0.885	0.60001	0.3600120001
Decon-HPCA	Neutrophils	F	0.37298	0.017	0.35598	0.1267217604
Decon-HPCA	T Cells	F	0.04309	0.016	0.02709	0.0007338681
Decon-HPCA	B Cells	G	0.0	0.159	0.159	0.025281
Decon-HPCA	Monocytes	G	0.0	0.319	0.319	0.101761
Decon-HPCA	NK	G	0.13767	0.016	0.12167	0.0148035889
Decon-HPCA	Neutrophils	G	0.43424	0.395	0.03924	0.0015397776
Decon-HPCA	T Cells	G	0.05874	0.112	0.05326	0.0028366276
Decon-HPCA	B Cells	H	0.0	0.1	0.1	0.01
Decon-HPCA	Monocytes	H	0.01387	0.813	0.79913	0.6386087569
Decon-HPCA	NK	H	0.13232	0.01	0.12232	0.0149621824
Decon-HPCA	Neutrophils	H	0.39942	0.001	0.39842	0.1587384964
Decon-HPCA	T Cells	H	0.02597	0.075	0.04903	0.0024039409
Decon-HPCA	B Cells	I	0.0	0.1	0.1	0.01
Decon-HPCA	Monocytes	I	0.01539	0.813	0.79761	0.6361817121
Decon-HPCA	NK	I	0.13173	0.01	0.12173	0.0148181929
Decon-HPCA	Neutrophils	I	0.39912	0.001	0.39812	0.1584995344
Decon-HPCA	T Cells	I	0.02361	0.075	0.05139	0.0026409321
Decon-HPCA	B Cells	J	0.0	0.0	0.0	0.0
Decon-HPCA	Monocytes	J	0.0	0.0	0.0	0.0
Decon-HPCA	NK	J	0.1684	0.0	0.1684	0.02835856
Decon-HPCA	Neutrophils	J	0.31874	0.0	0.31874	0.1015951876
Decon-HPCA	T Cells	J	0.25878	1.0	0.74122	0.5494070884
Decon-HPCA	B Cells	K	0.0	0.0	0.0	0.0
Decon-HPCA	Monocytes	K	0.0	0.0	0.0	0.0
Decon-HPCA	NK	K	0.23472	0.0	0.23472	0.0550934784
Decon-HPCA	Neutrophils	K	0.31609	0.0	0.31609	0.0999128881
Decon-HPCA	T Cells	K	0.19888	1.0	0.80112	0.6417932544
Decon-HPCA	B Cells	L	0.0	0.0	0.0	0.0
Decon-HPCA	Monocytes	L	0.0	0.0	0.0	0.0
Decon-HPCA	NK	L	0.16585	0.0	0.16585	0.0275062225
Decon-HPCA	Neutrophils	L	0.33248	0.0	0.33248	0.1105429504
Decon-HPCA	T Cells	L	0.22708	1.0	0.77292	0.5974053264
Decon-ImmunoStates	B Cells	A	0.07748	0.194	0.11652	0.0135769104
Decon-ImmunoStates	Monocytes	A	0.25091	0.194	0.05691	0.0032387481
Decon-ImmunoStates	NK	A	0.2302	0.194	0.0362	0.00131044
Decon-ImmunoStates	Neutrophils	A	0.10975	0.03	0.07975	0.0063600625
Decon-ImmunoStates	T Cells	A	0.2402	0.388	0.1478	0.02184484
Decon-ImmunoStates	B Cells	B	0.08703	0.194	0.10697	0.0114425809
Decon-ImmunoStates	Monocytes	B	0.24643	0.194	0.05243	0.0027489049
Decon-ImmunoStates	NK	B	0.22734	0.194	0.03334	0.0011115556
Decon-ImmunoStates	Neutrophils	B	0.12229	0.03	0.09229	0.0085174441
Decon-ImmunoStates	T Cells	B	0.24156	0.388	0.14644	0.0214446736
Decon-ImmunoStates	B Cells	C	0.02246	0.005	0.01746	0.0003048516
Decon-ImmunoStates	Monocytes	C	0.1206	0.01	0.1106	0.01223236
Decon-ImmunoStates	NK	C	0.24968	0.051	0.19868	0.0394737424
Decon-ImmunoStates	Neutrophils	C	0.03332	0.004	0.02932	0.0008596624
Decon-ImmunoStates	T Cells	C	0.45427	0.93	0.47573	0.2263190329
Decon-ImmunoStates	B Cells	D	0.03564	0.005	0.03064	0.0009388096
Decon-ImmunoStates	Monocytes	D	0.12512	0.01	0.11512	0.0132526144
Decon-ImmunoStates	NK	D	0.25639	0.051	0.20539	0.0421850521
Decon-ImmunoStates	Neutrophils	D	0.02989	0.004	0.02589	0.0006702921
Decon-ImmunoStates	T Cells	D	0.45423	0.93	0.47577	0.2263570929
Decon-ImmunoStates	B Cells	E	0.02055	0.01	0.01055	0.0001113025
Decon-ImmunoStates	Monocytes	E	0.16974	0.026	0.14374	0.0206611876
Decon-ImmunoStates	NK	E	0.30123	0.104	0.19723	0.0388996729
Decon-ImmunoStates	Neutrophils	E	0.05487	0.008	0.04687	0.0021967969
Decon-ImmunoStates	T Cells	E	0.36848	0.851	0.48252	0.2328255504
Decon-ImmunoStates	B Cells	F	0.0516	0.027	0.0246	0.00060516
Decon-ImmunoStates	Monocytes	F	0.17621	0.055	0.12121	0.0146918641
Decon-ImmunoStates	NK	F	0.42233	0.885	0.46267	0.2140635289
Decon-ImmunoStates	Neutrophils	F	0.1022	0.017	0.0852	0.00725904
Decon-ImmunoStates	T Cells	F	0.10056	0.016	0.08456	0.0071503936
Decon-ImmunoStates	B Cells	G	0.08567	0.159	0.07333	0.0053772889
Decon-ImmunoStates	Monocytes	G	0.20907	0.319	0.10993	0.0120846049
Decon-ImmunoStates	NK	G	0.13282	0.016	0.11682	0.0136469124
Decon-ImmunoStates	Neutrophils	G	0.32053	0.395	0.07447	0.0055457809
Decon-ImmunoStates	T Cells	G	0.13567	0.112	0.02367	0.0005602689
Decon-ImmunoStates	B Cells	H	0.07059	0.1	0.02941	0.0008649481
Decon-ImmunoStates	Monocytes	H	0.37321	0.813	0.43979	0.1934152441
Decon-ImmunoStates	NK	H	0.12651	0.01	0.11651	0.0135745801
Decon-ImmunoStates	Neutrophils	H	0.0884	0.001	0.0874	0.00763876
Decon-ImmunoStates	T Cells	H	0.13639	0.075	0.06139	0.0037687321
Decon-ImmunoStates	B Cells	I	0.06926	0.1	0.03074	0.0009449476
Decon-ImmunoStates	Monocytes	I	0.37807	0.813	0.43493	0.1891641049
Decon-ImmunoStates	NK	I	0.12053	0.01	0.11053	0.0122168809
Decon-ImmunoStates	Neutrophils	I	0.09594	0.001	0.09494	0.0090136036
Decon-ImmunoStates	T Cells	I	0.13947	0.075	0.06447	0.0041563809
Decon-ImmunoStates	B Cells	J	0.03984	0.0	0.03984	0.0015872256
Decon-ImmunoStates	Monocytes	J	0.00106	0.0	0.00106	1.1236e-06
Decon-ImmunoStates	NK	J	0.18518	0.0	0.18518	0.0342916324
Decon-ImmunoStates	Neutrophils	J	0.0	0.0	0.0	0.0
Decon-ImmunoStates	T Cells	J	0.53394	1.0	0.46606	0.2172119236
Decon-ImmunoStates	B Cells	K	0.04169	0.0	0.04169	0.0017380561
Decon-ImmunoStates	Monocytes	K	0.0	0.0	0.0	0.0
Decon-ImmunoStates	NK	K	0.32698	0.0	0.32698	0.1069159204
Decon-ImmunoStates	Neutrophils	K	0.0	0.0	0.0	0.0
Decon-ImmunoStates	T Cells	K	0.43789	1.0	0.56211	0.3159676521
Decon-ImmunoStates	B Cells	L	0.0	0.0	0.0	0.0
Decon-ImmunoStates	Monocytes	L	0.06656	0.0	0.06656	0.0044302336
Decon-ImmunoStates	NK	L	0.14032	0.0	0.14032	0.0196897024
Decon-ImmunoStates	Neutrophils	L	0.0314	0.0	0.0314	0.00098596
Decon-ImmunoStates	T Cells	L	0.51793	1.0	0.48207	0.2323914849
Decon-LM22	B Cells	A	0.11457	0.194	0.07943	0.0063091249
Decon-LM22	Monocytes	A	0.2004	0.194	0.0064	4.096e-05
Decon-LM22	NK	A	0.19633	0.194	0.00233	5.4289e-06
Decon-LM22	Neutrophils	A	0.09856	0.03	0.06856	0.0047004736
Decon-LM22	T Cells	A	0.31926	0.388	0.06874	0.0047251876
Decon-LM22	B Cells	B	0.11951	0.194	0.07449	0.0055487601
Decon-LM22	Monocytes	B	0.20033	0.194	0.00633	4.00689e-05
Decon-LM22	NK	B	0.1891	0.194	0.0049	2.401e-05
Decon-LM22	Neutrophils	B	0.10025	0.03	0.07025	0.0049350625
Decon-LM22	T Cells	B	0.31583	0.388	0.07217	0.0052085089
Decon-LM22	B Cells	C	0.05859	0.005	0.05359	0.0028718881
Decon-LM22	Monocytes	C	0.11051	0.01	0.10051	0.0101022601
Decon-LM22	NK	C	0.17386	0.051	0.12286	0.0150945796
Decon-LM22	Neutrophils	C	0.02492	0.004	0.02092	0.0004376464
Decon-LM22	T Cells	C	0.55141	0.93	0.37859	0.1433303881
Decon-LM22	B Cells	D	0.0595	0.005	0.0545	0.00297025
Decon-LM22	Monocytes	D	0.10862	0.01	0.09862	0.0097259044
Decon-LM22	NK	D	0.18002	0.051	0.12902	0.0166461604
Decon-LM22	Neutrophils	D	0.01959	0.004	0.01559	0.0002430481
Decon-LM22	T Cells	D	0.54501	0.93	0.38499	0.1482173001
Decon-LM22	B Cells	E	0.05283	0.01	0.04283	0.0018344089
Decon-LM22	Monocytes	E	0.14554	0.026	0.11954	0.0142898116
Decon-LM22	NK	E	0.20373	0.104	0.09973	0.0099460729
Decon-LM22	Neutrophils	E	0.06323	0.008	0.05523	0.0030503529
Decon-LM22	T Cells	E	0.49066	0.851	0.36034	0.1298449156
Decon-LM22	B Cells	F	0.06791	0.027	0.04091	0.0016736281
Decon-LM22	Monocytes	F	0.15359	0.055	0.09859	0.0097199881
Decon-LM22	NK	F	0.38112	0.885	0.50388	0.2538950544
Decon-LM22	Neutrophils	F	0.08774	0.017	0.07074	0.0050041476
Decon-LM22	T Cells	F	0.25315	0.016	0.23715	0.0562401225
Decon-LM22	B Cells	G	0.12	0.159	0.039	0.001521
Decon-LM22	Monocytes	G	0.19324	0.319	0.12576	0.0158155776
Decon-LM22	NK	G	0.16469	0.016	0.14869	0.0221087161
Decon-LM22	Neutrophils	G	0.22448	0.395	0.17052	0.0290770704
Decon-LM22	T Cells	G	0.19097	0.112	0.07897	0.0062362609
Decon-LM22	B Cells	H	0.11012	0.1	0.01012	0.0001024144
Decon-LM22	Monocytes	H	0.30298	0.813	0.51002	0.2601204004
Decon-LM22	NK	H	0.08769	0.01	0.07769	0.0060357361
Decon-LM22	Neutrophils	H	0.10093	0.001	0.09993	0.0099860049
Decon-LM22	T Cells	H	0.19433	0.075	0.11933	0.0142396489
Decon-LM22	B Cells	I	0.10492	0.1	0.00492	2.42064e-05
Decon-LM22	Monocytes	I	0.30306	0.813	0.50994	0.2600388036
Decon-LM22	NK	I	0.08505	0.01	0.07505	0.0056325025
Decon-LM22	Neutrophils	I	0.09545	0.001	0.09445	0.0089208025
Decon-LM22	T Cells	I	0.18999	0.075	0.11499	0.0132227001
Decon-LM22	B Cells	J	0.07339	0.0	0.07339	0.0053860921
Decon-LM22	Monocytes	J	0.0	0.0	0.0	0.0
Decon-LM22	NK	J	0.16489	0.0	0.16489	0.0271887121
Decon-LM22	Neutrophils	J	0.0	0.0	0.0	0.0
Decon-LM22	T Cells	J	0.57839	1.0	0.42161	0.1777549921
Decon-LM22	B Cells	K	0.07178	0.0	0.07178	0.0051523684
Decon-LM22	Monocytes	K	0.0	0.0	0.0	0.0
Decon-LM22	NK	K	0.18483	0.0	0.18483	0.0341621289
Decon-LM22	Neutrophils	K	0.0	0.0	0.0	0.0
Decon-LM22	T Cells	K	0.59178	1.0	0.40822	0.1666435684
Decon-LM22	B Cells	L	0.01568	0.0	0.01568	0.0002458624
Decon-LM22	Monocytes	L	0.07389	0.0	0.07389	0.0054597321
Decon-LM22	NK	L	0.17991	0.0	0.17991	0.0323676081
Decon-LM22	Neutrophils	L	0.0	0.0	0.0	0.0
Decon-LM22	T Cells	L	0.53605	1.0	0.46395	0.2152496025
GEDIT-BLUEPRINT	B Cells	A	0.2218	0.194	0.0278	0.00077284
GEDIT-BLUEPRINT	Monocytes	A	0.1908	0.194	0.0032	1.024e-05
GEDIT-BLUEPRINT	NK	A	0.1267	0.194	0.0673	0.00452929
GEDIT-BLUEPRINT	Neutrophils	A	0.095	0.03	0.065	0.004225
GEDIT-BLUEPRINT	T Cells	A	0.3657	0.388	0.0223	0.00049729
GEDIT-BLUEPRINT	B Cells	B	0.2192	0.194	0.0252	0.00063504
GEDIT-BLUEPRINT	Monocytes	B	0.1906	0.194	0.0034	1.156e-05
GEDIT-BLUEPRINT	NK	B	0.1246	0.194	0.0694	0.00481636
GEDIT-BLUEPRINT	Neutrophils	B	0.0911	0.03	0.0611	0.00373321
GEDIT-BLUEPRINT	T Cells	B	0.3745	0.388	0.0135	0.00018225
GEDIT-BLUEPRINT	B Cells	C	0.1218	0.005	0.1168	0.01364224
GEDIT-BLUEPRINT	Monocytes	C	0.0664	0.01	0.0564	0.00318096
GEDIT-BLUEPRINT	NK	C	0.0703	0.051	0.0193	0.00037249
GEDIT-BLUEPRINT	Neutrophils	C	0.0849	0.004	0.0809	0.00654481
GEDIT-BLUEPRINT	T Cells	C	0.6566	0.93	0.2734	0.07474756
GEDIT-BLUEPRINT	B Cells	D	0.1221	0.005	0.1171	0.01371241
GEDIT-BLUEPRINT	Monocytes	D	0.0511	0.01	0.0411	0.00168921
GEDIT-BLUEPRINT	NK	D	0.0723	0.051	0.0213	0.00045369
GEDIT-BLUEPRINT	Neutrophils	D	0.0826	0.004	0.0786	0.00617796
GEDIT-BLUEPRINT	T Cells	D	0.672	0.93	0.258	0.066564
GEDIT-BLUEPRINT	B Cells	E	0.1239	0.01	0.1139	0.01297321
GEDIT-BLUEPRINT	Monocytes	E	0.0871	0.026	0.0611	0.00373321
GEDIT-BLUEPRINT	NK	E	0.1273	0.104	0.0233	0.00054289
GEDIT-BLUEPRINT	Neutrophils	E	0.0741	0.008	0.0661	0.00436921
GEDIT-BLUEPRINT	T Cells	E	0.5876	0.851	0.2634	0.06937956
GEDIT-BLUEPRINT	B Cells	F	0.1427	0.027	0.1157	0.01338649
GEDIT-BLUEPRINT	Monocytes	F	0.1308	0.055	0.0758	0.00574564
GEDIT-BLUEPRINT	NK	F	0.3685	0.885	0.5165	0.26677225
GEDIT-BLUEPRINT	Neutrophils	F	0.0894	0.017	0.0724	0.00524176
GEDIT-BLUEPRINT	T Cells	F	0.2685	0.016	0.2525	0.06375625
GEDIT-BLUEPRINT	B Cells	G	0.2204	0.159	0.0614	0.00376996
GEDIT-BLUEPRINT	Monocytes	G	0.2367	0.319	0.0823	0.00677329
GEDIT-BLUEPRINT	NK	G	0.0692	0.016	0.0532	0.00283024
GEDIT-BLUEPRINT	Neutrophils	G	0.2298	0.395	0.1652	0.02729104
GEDIT-BLUEPRINT	T Cells	G	0.2439	0.112	0.1319	0.01739761
GEDIT-BLUEPRINT	B Cells	H	0.1604	0.1	0.0604	0.00364816
GEDIT-BLUEPRINT	Monocytes	H	0.4097	0.813	0.4033	0.16265089
GEDIT-BLUEPRINT	NK	H	0.0626	0.01	0.0526	0.00276676
GEDIT-BLUEPRINT	Neutrophils	H	0.0943	0.001	0.0933	0.00870489
GEDIT-BLUEPRINT	T Cells	H	0.2731	0.075	0.1981	0.03924361
GEDIT-BLUEPRINT	B Cells	I	0.18	0.1	0.08	0.0064
GEDIT-BLUEPRINT	Monocytes	I	0.4309	0.813	0.3821	0.14600041
GEDIT-BLUEPRINT	NK	I	0.0701	0.01	0.0601	0.00361201
GEDIT-BLUEPRINT	Neutrophils	I	0.0838	0.001	0.0828	0.00685584
GEDIT-BLUEPRINT	T Cells	I	0.2352	0.075	0.1602	0.02566404
GEDIT-BLUEPRINT	B Cells	J	0.1108	0.0	0.1108	0.01227664
GEDIT-BLUEPRINT	Monocytes	J	0.039	0.0	0.039	0.001521
GEDIT-BLUEPRINT	NK	J	0.031	0.0	0.031	0.000961
GEDIT-BLUEPRINT	Neutrophils	J	0.0956	0.0	0.0956	0.00913936
GEDIT-BLUEPRINT	T Cells	J	0.7236	1.0	0.2764	0.07639696
GEDIT-BLUEPRINT	B Cells	K	0.1303	0.0	0.1303	0.01697809
GEDIT-BLUEPRINT	Monocytes	K	0.0477	0.0	0.0477	0.00227529
GEDIT-BLUEPRINT	NK	K	0.1051	0.0	0.1051	0.01104601
GEDIT-BLUEPRINT	Neutrophils	K	0.0636	0.0	0.0636	0.00404496
GEDIT-BLUEPRINT	T Cells	K	0.6534	1.0	0.3466	0.12013156
GEDIT-BLUEPRINT	B Cells	L	0.1083	0.0	0.1083	0.01172889
GEDIT-BLUEPRINT	Monocytes	L	0.0504	0.0	0.0504	0.00254016
GEDIT-BLUEPRINT	NK	L	0.0465	0.0	0.0465	0.00216225
GEDIT-BLUEPRINT	Neutrophils	L	0.1104	0.0	0.1104	0.01218816
GEDIT-BLUEPRINT	T Cells	L	0.6844	1.0	0.3156	0.09960336
GEDIT-HPCA	B Cells	A	0.2091	0.194	0.0151	0.00022801
GEDIT-HPCA	Monocytes	A	0.24	0.194	0.046	0.002116
GEDIT-HPCA	NK	A	0.1808	0.194	0.0132	0.00017424
GEDIT-HPCA	Neutrophils	A	0.041	0.03	0.011	0.000121
GEDIT-HPCA	T Cells	A	0.2585	0.388	0.1295	0.01677025
GEDIT-HPCA	B Cells	B	0.2113	0.194	0.0173	0.00029929
GEDIT-HPCA	Monocytes	B	0.2439	0.194	0.0499	0.00249001
GEDIT-HPCA	NK	B	0.1799	0.194	0.0141	0.00019881
GEDIT-HPCA	Neutrophils	B	0.0384	0.03	0.0084	7.056e-05
GEDIT-HPCA	T Cells	B	0.2631	0.388	0.1249	0.01560001
GEDIT-HPCA	B Cells	C	0.1123	0.005	0.1073	0.01151329
GEDIT-HPCA	Monocytes	C	0.0407	0.01	0.0307	0.00094249
GEDIT-HPCA	NK	C	0.1332	0.051	0.0822	0.00675684
GEDIT-HPCA	Neutrophils	C	0.0044	0.004	0.0004	1.6e-07
GEDIT-HPCA	T Cells	C	0.6537	0.93	0.2763	0.07634169
GEDIT-HPCA	B Cells	D	0.1121	0.005	0.1071	0.01147041
GEDIT-HPCA	Monocytes	D	0.0347	0.01	0.0247	0.00061009
GEDIT-HPCA	NK	D	0.1295	0.051	0.0785	0.00616225
GEDIT-HPCA	Neutrophils	D	0.0	0.004	0.004	1.6e-05
GEDIT-HPCA	T Cells	D	0.6582	0.93	0.2718	0.07387524
GEDIT-HPCA	B Cells	E	0.1129	0.01	0.1029	0.01058841
GEDIT-HPCA	Monocytes	E	0.0707	0.026	0.0447	0.00199809
GEDIT-HPCA	NK	E	0.2274	0.104	0.1234	0.01522756
GEDIT-HPCA	Neutrophils	E	0.0139	0.008	0.0059	3.481e-05
GEDIT-HPCA	T Cells	E	0.5199	0.851	0.3311	0.10962721
GEDIT-HPCA	B Cells	F	0.1021	0.027	0.0751	0.00564001
GEDIT-HPCA	Monocytes	F	0.1212	0.055	0.0662	0.00438244
GEDIT-HPCA	NK	F	0.5411	0.885	0.3439	0.11826721
GEDIT-HPCA	Neutrophils	F	0.0325	0.017	0.0155	0.00024025
GEDIT-HPCA	T Cells	F	0.151	0.016	0.135	0.018225
GEDIT-HPCA	B Cells	G	0.1689	0.159	0.0099	9.801e-05
GEDIT-HPCA	Monocytes	G	0.3204	0.319	0.0014	1.96e-06
GEDIT-HPCA	NK	G	0.0833	0.016	0.0673	0.00452929
GEDIT-HPCA	Neutrophils	G	0.1987	0.395	0.1963	0.03853369
GEDIT-HPCA	T Cells	G	0.1323	0.112	0.0203	0.00041209
GEDIT-HPCA	B Cells	H	0.123	0.1	0.023	0.000529
GEDIT-HPCA	Monocytes	H	0.535	0.813	0.278	0.077284
GEDIT-HPCA	NK	H	0.0583	0.01	0.0483	0.00233289
GEDIT-HPCA	Neutrophils	H	0.0632	0.001	0.0622	0.00386884
GEDIT-HPCA	T Cells	H	0.0934	0.075	0.0184	0.00033856
GEDIT-HPCA	B Cells	I	0.1257	0.1	0.0257	0.00066049
GEDIT-HPCA	Monocytes	I	0.5429	0.813	0.2701	0.07295401
GEDIT-HPCA	NK	I	0.0485	0.01	0.0385	0.00148225
GEDIT-HPCA	Neutrophils	I	0.0676	0.001	0.0666	0.00443556
GEDIT-HPCA	T Cells	I	0.0895	0.075	0.0145	0.00021025
GEDIT-HPCA	B Cells	J	0.1104	0.0	0.1104	0.01218816
GEDIT-HPCA	Monocytes	J	0.0	0.0	0.0	0.0
GEDIT-HPCA	NK	J	0.0985	0.0	0.0985	0.00970225
GEDIT-HPCA	Neutrophils	J	0.0023	0.0	0.0023	5.29e-06
GEDIT-HPCA	T Cells	J	0.7237	1.0	0.2763	0.07634169
GEDIT-HPCA	B Cells	K	0.1109	0.0	0.1109	0.01229881
GEDIT-HPCA	Monocytes	K	0.0	0.0	0.0	0.0
GEDIT-HPCA	NK	K	0.2041	0.0	0.2041	0.04165681
GEDIT-HPCA	Neutrophils	K	0.0	0.0	0.0	0.0
GEDIT-HPCA	T Cells	K	0.6306	1.0	0.3694	0.13645636
GEDIT-HPCA	B Cells	L	0.0849	0.0	0.0849	0.00720801
GEDIT-HPCA	Monocytes	L	0.0073	0.0	0.0073	5.329e-05
GEDIT-HPCA	NK	L	0.1005	0.0	0.1005	0.01010025
GEDIT-HPCA	Neutrophils	L	0.0298	0.0	0.0298	0.00088804
GEDIT-HPCA	T Cells	L	0.6913	1.0	0.3087	0.09529569
GEDIT-ImmunoStates	B Cells	A	0.1034	0.194	0.0906	0.00820836
GEDIT-ImmunoStates	Monocytes	A	0.2807	0.194	0.0867	0.00751689
GEDIT-ImmunoStates	NK	A	0.071	0.194	0.123	0.015129
GEDIT-ImmunoStates	Neutrophils	A	0.0	0.03	0.03	0.0009
GEDIT-ImmunoStates	T Cells	A	0.277	0.388	0.111	0.012321
GEDIT-ImmunoStates	B Cells	B	0.1169	0.194	0.0771	0.00594441
GEDIT-ImmunoStates	Monocytes	B	0.2907	0.194	0.0967	0.00935089
GEDIT-ImmunoStates	NK	B	0.0747	0.194	0.1193	0.01423249
GEDIT-ImmunoStates	Neutrophils	B	0.0	0.03	0.03	0.0009
GEDIT-ImmunoStates	T Cells	B	0.2736	0.388	0.1144	0.01308736
GEDIT-ImmunoStates	B Cells	C	0.0108	0.005	0.0058	3.364e-05
GEDIT-ImmunoStates	Monocytes	C	0.0468	0.01	0.0368	0.00135424
GEDIT-ImmunoStates	NK	C	0.0267	0.051	0.0243	0.00059049
GEDIT-ImmunoStates	Neutrophils	C	0.0	0.004	0.004	1.6e-05
GEDIT-ImmunoStates	T Cells	C	0.7111	0.93	0.2189	0.04791721
GEDIT-ImmunoStates	B Cells	D	0.0	0.005	0.005	2.5e-05
GEDIT-ImmunoStates	Monocytes	D	0.0533	0.01	0.0433	0.00187489
GEDIT-ImmunoStates	NK	D	0.0227	0.051	0.0283	0.00080089
GEDIT-ImmunoStates	Neutrophils	D	0.0	0.004	0.004	1.6e-05
GEDIT-ImmunoStates	T Cells	D	0.6971	0.93	0.2329	0.05424241
GEDIT-ImmunoStates	B Cells	E	0.0349	0.01	0.0249	0.00062001
GEDIT-ImmunoStates	Monocytes	E	0.0827	0.026	0.0567	0.00321489
GEDIT-ImmunoStates	NK	E	0.1406	0.104	0.0366	0.00133956
GEDIT-ImmunoStates	Neutrophils	E	0.0	0.008	0.008	6.4e-05
GEDIT-ImmunoStates	T Cells	E	0.5157	0.851	0.3353	0.11242609
GEDIT-ImmunoStates	B Cells	F	0.0638	0.027	0.0368	0.00135424
GEDIT-ImmunoStates	Monocytes	F	0.1722	0.055	0.1172	0.01373584
GEDIT-ImmunoStates	NK	F	0.4106	0.885	0.4744	0.22505536
GEDIT-ImmunoStates	Neutrophils	F	0.0	0.017	0.017	0.000289
GEDIT-ImmunoStates	T Cells	F	0.1394	0.016	0.1234	0.01522756
GEDIT-ImmunoStates	B Cells	G	0.0829	0.159	0.0761	0.00579121
GEDIT-ImmunoStates	Monocytes	G	0.3432	0.319	0.0242	0.00058564
GEDIT-ImmunoStates	NK	G	0.0	0.016	0.016	0.000256
GEDIT-ImmunoStates	Neutrophils	G	0.1981	0.395	0.1969	0.03876961
GEDIT-ImmunoStates	T Cells	G	0.0892	0.112	0.0228	0.00051984
GEDIT-ImmunoStates	B Cells	H	0.045	0.1	0.055	0.003025
GEDIT-ImmunoStates	Monocytes	H	0.58	0.813	0.233	0.054289
GEDIT-ImmunoStates	NK	H	0.0	0.01	0.01	0.0001
GEDIT-ImmunoStates	Neutrophils	H	0.0	0.001	0.001	1e-06
GEDIT-ImmunoStates	T Cells	H	0.0639	0.075	0.0111	0.00012321
GEDIT-ImmunoStates	B Cells	I	0.0648	0.1	0.0352	0.00123904
GEDIT-ImmunoStates	Monocytes	I	0.5805	0.813	0.2325	0.05405625
GEDIT-ImmunoStates	NK	I	0.0	0.01	0.01	0.0001
GEDIT-ImmunoStates	Neutrophils	I	0.0	0.001	0.001	1e-06
GEDIT-ImmunoStates	T Cells	I	0.0532	0.075	0.0218	0.00047524
GEDIT-ImmunoStates	B Cells	J	0.0223	0.0	0.0223	0.00049729
GEDIT-ImmunoStates	Monocytes	J	0.0079	0.0	0.0079	6.241e-05
GEDIT-ImmunoStates	NK	J	0.0	0.0	0.0	0.0
GEDIT-ImmunoStates	Neutrophils	J	0.0	0.0	0.0	0.0
GEDIT-ImmunoStates	T Cells	J	0.7439	1.0	0.2561	0.06558721
GEDIT-ImmunoStates	B Cells	K	0.0607	0.0	0.0607	0.00368449
GEDIT-ImmunoStates	Monocytes	K	0.0323	0.0	0.0323	0.00104329
GEDIT-ImmunoStates	NK	K	0.1105	0.0	0.1105	0.01221025
GEDIT-ImmunoStates	Neutrophils	K	0.0	0.0	0.0	0.0
GEDIT-ImmunoStates	T Cells	K	0.6025	1.0	0.3975	0.15800625
GEDIT-ImmunoStates	B Cells	L	0.0058	0.0	0.0058	3.364e-05
GEDIT-ImmunoStates	Monocytes	L	0.0151	0.0	0.0151	0.00022801
GEDIT-ImmunoStates	NK	L	0.0	0.0	0.0	0.0
GEDIT-ImmunoStates	Neutrophils	L	0.0	0.0	0.0	0.0
GEDIT-ImmunoStates	T Cells	L	0.7383	1.0	0.2617	0.06848689
GEDIT-LM22	B Cells	A	0.111	0.194	0.083	0.006889
GEDIT-LM22	Monocytes	A	0.1926	0.194	0.0014	1.96e-06
GEDIT-LM22	NK	A	0.1468	0.194	0.0472	0.00222784
GEDIT-LM22	Neutrophils	A	0.0144	0.03	0.0156	0.00024336
GEDIT-LM22	T Cells	A	0.3516	0.388	0.0364	0.00132496
GEDIT-LM22	B Cells	B	0.1143	0.194	0.0797	0.00635209
GEDIT-LM22	Monocytes	B	0.2082	0.194	0.0142	0.00020164
GEDIT-LM22	NK	B	0.1205	0.194	0.0735	0.00540225
GEDIT-LM22	Neutrophils	B	0.0187	0.03	0.0113	0.00012769
GEDIT-LM22	T Cells	B	0.3755	0.388	0.0125	0.00015625
GEDIT-LM22	B Cells	C	0.0324	0.005	0.0274	0.00075076
GEDIT-LM22	Monocytes	C	0.0	0.01	0.01	0.0001
GEDIT-LM22	NK	C	0.0584	0.051	0.0074	5.476e-05
GEDIT-LM22	Neutrophils	C	0.0072	0.004	0.0032	1.024e-05
GEDIT-LM22	T Cells	C	0.8413	0.93	0.0887	0.00786769
GEDIT-LM22	B Cells	D	0.0339	0.005	0.0289	0.00083521
GEDIT-LM22	Monocytes	D	0.0	0.01	0.01	0.0001
GEDIT-LM22	NK	D	0.1083	0.051	0.0573	0.00328329
GEDIT-LM22	Neutrophils	D	0.0	0.004	0.004	1.6e-05
GEDIT-LM22	T Cells	D	0.7909	0.93	0.1391	0.01934881
GEDIT-LM22	B Cells	E	0.0219	0.01	0.0119	0.00014161
GEDIT-LM22	Monocytes	E	0.0165	0.026	0.0095	9.025e-05
GEDIT-LM22	NK	E	0.1423	0.104	0.0383	0.00146689
GEDIT-LM22	Neutrophils	E	0.0098	0.008	0.0018	3.24e-06
GEDIT-LM22	T Cells	E	0.7357	0.851	0.1153	0.01329409
GEDIT-LM22	B Cells	F	0.0181	0.027	0.0089	7.921e-05
GEDIT-LM22	Monocytes	F	0.0506	0.055	0.0044	1.936e-05
GEDIT-LM22	NK	F	0.5434	0.885	0.3416	0.11669056
GEDIT-LM22	Neutrophils	F	0.009	0.017	0.008	6.4e-05
GEDIT-LM22	T Cells	F	0.2782	0.016	0.2622	0.06874884
GEDIT-LM22	B Cells	G	0.0693	0.159	0.0897	0.00804609
GEDIT-LM22	Monocytes	G	0.2433	0.319	0.0757	0.00573049
GEDIT-LM22	NK	G	0.0772	0.016	0.0612	0.00374544
GEDIT-LM22	Neutrophils	G	0.2084	0.395	0.1866	0.03481956
GEDIT-LM22	T Cells	G	0.157	0.112	0.045	0.002025
GEDIT-LM22	B Cells	H	0.0489	0.1	0.0511	0.00261121
GEDIT-LM22	Monocytes	H	0.5317	0.813	0.2813	0.07912969
GEDIT-LM22	NK	H	0.0055	0.01	0.0045	2.025e-05
GEDIT-LM22	Neutrophils	H	0.0028	0.001	0.0018	3.24e-06
GEDIT-LM22	T Cells	H	0.1105	0.075	0.0355	0.00126025
GEDIT-LM22	B Cells	I	0.0562	0.1	0.0438	0.00191844
GEDIT-LM22	Monocytes	I	0.5279	0.813	0.2851	0.08128201
GEDIT-LM22	NK	I	0.0034	0.01	0.0066	4.356e-05
GEDIT-LM22	Neutrophils	I	0.0	0.001	0.001	1e-06
GEDIT-LM22	T Cells	I	0.1048	0.075	0.0298	0.00088804
GEDIT-LM22	B Cells	J	0.0287	0.0	0.0287	0.00082369
GEDIT-LM22	Monocytes	J	0.0	0.0	0.0	0.0
GEDIT-LM22	NK	J	0.0514	0.0	0.0514	0.00264196
GEDIT-LM22	Neutrophils	J	0.0	0.0	0.0	0.0
GEDIT-LM22	T Cells	J	0.8461	1.0	0.1539	0.02368521
GEDIT-LM22	B Cells	K	0.0268	0.0	0.0268	0.00071824
GEDIT-LM22	Monocytes	K	0.0	0.0	0.0	0.0
GEDIT-LM22	NK	K	0.0764	0.0	0.0764	0.00583696
GEDIT-LM22	Neutrophils	K	0.0	0.0	0.0	0.0
GEDIT-LM22	T Cells	K	0.8327	1.0	0.1673	0.02798929
GEDIT-LM22	B Cells	L	0.0	0.0	0.0	0.0
GEDIT-LM22	Monocytes	L	0.0	0.0	0.0	0.0
GEDIT-LM22	NK	L	0.1046	0.0	0.1046	0.01094116
GEDIT-LM22	Neutrophils	L	0.0	0.0	0.0	0.0
GEDIT-LM22	T Cells	L	0.7524	1.0	0.2476	0.06130576
dtangle-BLUEPRINT	B Cells	A	0.27267	0.194	0.07867	0.0061889689
dtangle-BLUEPRINT	Monocytes	A	0.08473	0.194	0.10927	0.0119399329
dtangle-BLUEPRINT	NK	A	0.12466	0.194	0.06934	0.0048080356
dtangle-BLUEPRINT	Neutrophils	A	0.05181	0.03	0.02181	0.0004756761
dtangle-BLUEPRINT	T Cells	A	0.46612	0.388	0.07812	0.0061027344
dtangle-BLUEPRINT	B Cells	B	0.2721	0.194	0.0781	0.00609961
dtangle-BLUEPRINT	Monocytes	B	0.08497	0.194	0.10903	0.0118875409
dtangle-BLUEPRINT	NK	B	0.12476	0.194	0.06924	0.0047941776
dtangle-BLUEPRINT	Neutrophils	B	0.05238	0.03	0.02238	0.0005008644
dtangle-BLUEPRINT	T Cells	B	0.4658	0.388	0.0778	0.00605284
dtangle-BLUEPRINT	B Cells	C	0.25743	0.005	0.25243	0.0637209049
dtangle-BLUEPRINT	Monocytes	C	0.07126	0.01	0.06126	0.0037527876
dtangle-BLUEPRINT	NK	C	0.12144	0.051	0.07044	0.0049617936
dtangle-BLUEPRINT	Neutrophils	C	0.0483	0.004	0.0443	0.00196249
dtangle-BLUEPRINT	T Cells	C	0.50157	0.93	0.42843	0.1835522649
dtangle-BLUEPRINT	B Cells	D	0.25591	0.005	0.25091	0.0629558281
dtangle-BLUEPRINT	Monocytes	D	0.07126	0.01	0.06126	0.0037527876
dtangle-BLUEPRINT	NK	D	0.12162	0.051	0.07062	0.0049871844
dtangle-BLUEPRINT	Neutrophils	D	0.0479	0.004	0.0439	0.00192721
dtangle-BLUEPRINT	T Cells	D	0.50332	0.93	0.42668	0.1820558224
dtangle-BLUEPRINT	B Cells	E	0.25707	0.01	0.24707	0.0610435849
dtangle-BLUEPRINT	Monocytes	E	0.07622	0.026	0.05022	0.0025220484
dtangle-BLUEPRINT	NK	E	0.12856	0.104	0.02456	0.0006031936
dtangle-BLUEPRINT	Neutrophils	E	0.04956	0.008	0.04156	0.0017272336
dtangle-BLUEPRINT	T Cells	E	0.48859	0.851	0.36241	0.1313410081
dtangle-BLUEPRINT	B Cells	F	0.26374	0.027	0.23674	0.0560458276
dtangle-BLUEPRINT	Monocytes	F	0.08141	0.055	0.02641	0.0006974881
dtangle-BLUEPRINT	NK	F	0.14346	0.885	0.74154	0.5498815716
dtangle-BLUEPRINT	Neutrophils	F	0.05201	0.017	0.03501	0.0012257001
dtangle-BLUEPRINT	T Cells	F	0.45939	0.016	0.44339	0.1965946921
dtangle-BLUEPRINT	B Cells	G	0.27945	0.159	0.12045	0.0145082025
dtangle-BLUEPRINT	Monocytes	G	0.0896	0.319	0.2294	0.05262436
dtangle-BLUEPRINT	NK	G	0.12066	0.016	0.10466	0.0109537156
dtangle-BLUEPRINT	Neutrophils	G	0.05938	0.395	0.33562	0.1126407844
dtangle-BLUEPRINT	T Cells	G	0.45091	0.112	0.33891	0.1148599881
dtangle-BLUEPRINT	B Cells	H	0.28025	0.1	0.18025	0.0324900625
dtangle-BLUEPRINT	Monocytes	H	0.097	0.813	0.716	0.512656
dtangle-BLUEPRINT	NK	H	0.11565	0.01	0.10565	0.0111619225
dtangle-BLUEPRINT	Neutrophils	H	0.05598	0.001	0.05498	0.0030228004
dtangle-BLUEPRINT	T Cells	H	0.45112	0.075	0.37612	0.1414662544
dtangle-BLUEPRINT	B Cells	I	0.28112	0.1	0.18112	0.0328044544
dtangle-BLUEPRINT	Monocytes	I	0.09722	0.813	0.71578	0.5123410084
dtangle-BLUEPRINT	NK	I	0.11604	0.01	0.10604	0.0112444816
dtangle-BLUEPRINT	Neutrophils	I	0.0558	0.001	0.0548	0.00300304
dtangle-BLUEPRINT	T Cells	I	0.44982	0.075	0.37482	0.1404900324
dtangle-BLUEPRINT	B Cells	J	0.2587	0.0	0.2587	0.06692569
dtangle-BLUEPRINT	Monocytes	J	0.06541	0.0	0.06541	0.0042784681
dtangle-BLUEPRINT	NK	J	0.11631	0.0	0.11631	0.0135280161
dtangle-BLUEPRINT	Neutrophils	J	0.04659	0.0	0.04659	0.0021706281
dtangle-BLUEPRINT	T Cells	J	0.513	1.0	0.487	0.237169
dtangle-BLUEPRINT	B Cells	K	0.257	0.0	0.257	0.066049
dtangle-BLUEPRINT	Monocytes	K	0.06405	0.0	0.06405	0.0041024025
dtangle-BLUEPRINT	NK	K	0.12642	0.0	0.12642	0.0159820164
dtangle-BLUEPRINT	Neutrophils	K	0.04625	0.0	0.04625	0.0021390625
dtangle-BLUEPRINT	T Cells	K	0.50628	1.0	0.49372	0.2437594384
dtangle-BLUEPRINT	B Cells	L	0.25253	0.0	0.25253	0.0637714009
dtangle-BLUEPRINT	Monocytes	L	0.0702	0.0	0.0702	0.00492804
dtangle-BLUEPRINT	NK	L	0.11688	0.0	0.11688	0.0136609344
dtangle-BLUEPRINT	Neutrophils	L	0.04867	0.0	0.04867	0.0023687689
dtangle-BLUEPRINT	T Cells	L	0.51173	1.0	0.48827	0.2384075929
dtangle-HPCA	B Cells	A	0.19771	0.194	0.00371	1.37641e-05
dtangle-HPCA	Monocytes	A	0.09984	0.194	0.09416	0.0088661056
dtangle-HPCA	NK	A	0.09201	0.194	0.10199	0.0104019601
dtangle-HPCA	Neutrophils	A	0.0444	0.03	0.0144	0.00020736
dtangle-HPCA	T Cells	A	0.26546	0.388	0.12254	0.0150160516
dtangle-HPCA	B Cells	B	0.19691	0.194	0.00291	8.4681e-06
dtangle-HPCA	Monocytes	B	0.09968	0.194	0.09432	0.0088962624
dtangle-HPCA	NK	B	0.09239	0.194	0.10161	0.0103245921
dtangle-HPCA	Neutrophils	B	0.04433	0.03	0.01433	0.0002053489
dtangle-HPCA	T Cells	B	0.26597	0.388	0.12203	0.0148913209
dtangle-HPCA	B Cells	C	0.19817	0.005	0.19317	0.0373146489
dtangle-HPCA	Monocytes	C	0.08658	0.01	0.07658	0.0058644964
dtangle-HPCA	NK	C	0.09412	0.051	0.04312	0.0018593344
dtangle-HPCA	Neutrophils	C	0.04116	0.004	0.03716	0.0013808656
dtangle-HPCA	T Cells	C	0.28507	0.93	0.64493	0.4159347049
dtangle-HPCA	B Cells	D	0.19771	0.005	0.19271	0.0371371441
dtangle-HPCA	Monocytes	D	0.08604	0.01	0.07604	0.0057820816
dtangle-HPCA	NK	D	0.09414	0.051	0.04314	0.0018610596
dtangle-HPCA	Neutrophils	D	0.04107	0.004	0.03707	0.0013741849
dtangle-HPCA	T Cells	D	0.28709	0.93	0.64291	0.4133332681
dtangle-HPCA	B Cells	E	0.19629	0.01	0.18629	0.0347039641
dtangle-HPCA	Monocytes	E	0.09111	0.026	0.06511	0.0042393121
dtangle-HPCA	NK	E	0.096	0.104	0.008	6.4e-05
dtangle-HPCA	Neutrophils	E	0.04245	0.008	0.03445	0.0011868025
dtangle-HPCA	T Cells	E	0.27955	0.851	0.57145	0.3265551025
dtangle-HPCA	B Cells	F	0.19757	0.027	0.17057	0.0290941249
dtangle-HPCA	Monocytes	F	0.09551	0.055	0.04051	0.0016410601
dtangle-HPCA	NK	F	0.10038	0.885	0.78462	0.6156285444
dtangle-HPCA	Neutrophils	F	0.04409	0.017	0.02709	0.0007338681
dtangle-HPCA	T Cells	F	0.26377	0.016	0.24777	0.0613899729
dtangle-HPCA	B Cells	G	0.19658	0.159	0.03758	0.0014122564
dtangle-HPCA	Monocytes	G	0.1041	0.319	0.2149	0.04618201
dtangle-HPCA	NK	G	0.08937	0.016	0.07337	0.0053831569
dtangle-HPCA	Neutrophils	G	0.04894	0.395	0.34606	0.1197575236
dtangle-HPCA	T Cells	G	0.25448	0.112	0.14248	0.0203005504
dtangle-HPCA	B Cells	H	0.19588	0.1	0.09588	0.0091929744
dtangle-HPCA	Monocytes	H	0.10887	0.813	0.70413	0.4957990569
dtangle-HPCA	NK	H	0.08721	0.01	0.07721	0.0059613841
dtangle-HPCA	Neutrophils	H	0.04574	0.001	0.04474	0.0020016676
dtangle-HPCA	T Cells	H	0.24838	0.075	0.17338	0.0300606244
dtangle-HPCA	B Cells	I	0.19673	0.1	0.09673	0.0093566929
dtangle-HPCA	Monocytes	I	0.10945	0.813	0.70355	0.4949826025
dtangle-HPCA	NK	I	0.08713	0.01	0.07713	0.0059490369
dtangle-HPCA	Neutrophils	I	0.04593	0.001	0.04493	0.0020187049
dtangle-HPCA	T Cells	I	0.24739	0.075	0.17239	0.0297183121
dtangle-HPCA	B Cells	J	0.20056	0.0	0.20056	0.0402243136
dtangle-HPCA	Monocytes	J	0.08061	0.0	0.08061	0.0064979721
dtangle-HPCA	NK	J	0.09424	0.0	0.09424	0.0088811776
dtangle-HPCA	Neutrophils	J	0.04002	0.0	0.04002	0.0016016004
dtangle-HPCA	T Cells	J	0.29116	1.0	0.70884	0.5024541456
dtangle-HPCA	B Cells	K	0.20037	0.0	0.20037	0.0401481369
dtangle-HPCA	Monocytes	K	0.07951	0.0	0.07951	0.0063218401
dtangle-HPCA	NK	K	0.09785	0.0	0.09785	0.0095746225
dtangle-HPCA	Neutrophils	K	0.03963	0.0	0.03963	0.0015705369
dtangle-HPCA	T Cells	K	0.28927	1.0	0.71073	0.5051371329
dtangle-HPCA	B Cells	L	0.19593	0.0	0.19593	0.0383885649
dtangle-HPCA	Monocytes	L	0.08511	0.0	0.08511	0.0072437121
dtangle-HPCA	NK	L	0.09327	0.0	0.09327	0.0086992929
dtangle-HPCA	Neutrophils	L	0.0411	0.0	0.0411	0.00168921
dtangle-HPCA	T Cells	L	0.28694	1.0	0.71306	0.5084545636
dtangle-ImmunoStates	B Cells	A	0.11737	0.194	0.07663	0.0058721569
dtangle-ImmunoStates	Monocytes	A	0.10095	0.194	0.09305	0.0086583025
dtangle-ImmunoStates	NK	A	0.15658	0.194	0.03742	0.0014002564
dtangle-ImmunoStates	Neutrophils	A	0.05804	0.03	0.02804	0.0007862416
dtangle-ImmunoStates	T Cells	A	0.15739	0.388	0.23061	0.0531809721
dtangle-ImmunoStates	B Cells	B	0.11656	0.194	0.07744	0.0059969536
dtangle-ImmunoStates	Monocytes	B	0.10196	0.194	0.09204	0.0084713616
dtangle-ImmunoStates	NK	B	0.15508	0.194	0.03892	0.0015147664
dtangle-ImmunoStates	Neutrophils	B	0.05782	0.03	0.02782	0.0007739524
dtangle-ImmunoStates	T Cells	B	0.15583	0.388	0.23217	0.0539029089
dtangle-ImmunoStates	B Cells	C	0.10654	0.005	0.10154	0.0103103716
dtangle-ImmunoStates	Monocytes	C	0.08785	0.01	0.07785	0.0060606225
dtangle-ImmunoStates	NK	C	0.15776	0.051	0.10676	0.0113976976
dtangle-ImmunoStates	Neutrophils	C	0.05449	0.004	0.05049	0.0025492401
dtangle-ImmunoStates	T Cells	C	0.17887	0.93	0.75113	0.5641962769
dtangle-ImmunoStates	B Cells	D	0.10801	0.005	0.10301	0.0106110601
dtangle-ImmunoStates	Monocytes	D	0.08823	0.01	0.07823	0.0061199329
dtangle-ImmunoStates	NK	D	0.15613	0.051	0.10513	0.0110523169
dtangle-ImmunoStates	Neutrophils	D	0.05173	0.004	0.04773	0.0022781529
dtangle-ImmunoStates	T Cells	D	0.17588	0.93	0.75412	0.5686969744
dtangle-ImmunoStates	B Cells	E	0.10387	0.01	0.09387	0.0088115769
dtangle-ImmunoStates	Monocytes	E	0.09161	0.026	0.06561	0.0043046721
dtangle-ImmunoStates	NK	E	0.17113	0.104	0.06713	0.0045064369
dtangle-ImmunoStates	Neutrophils	E	0.05558	0.008	0.04758	0.0022638564
dtangle-ImmunoStates	T Cells	E	0.16772	0.851	0.68328	0.4668715584
dtangle-ImmunoStates	B Cells	F	0.10928	0.027	0.08228	0.0067699984
dtangle-ImmunoStates	Monocytes	F	0.09933	0.055	0.04433	0.0019651489
dtangle-ImmunoStates	NK	F	0.18583	0.885	0.69917	0.4888386889
dtangle-ImmunoStates	Neutrophils	F	0.0599	0.017	0.0429	0.00184041
dtangle-ImmunoStates	T Cells	F	0.13752	0.016	0.12152	0.0147671104
dtangle-ImmunoStates	B Cells	G	0.11647	0.159	0.04253	0.0018088009
dtangle-ImmunoStates	Monocytes	G	0.10825	0.319	0.21075	0.0444155625
dtangle-ImmunoStates	NK	G	0.13589	0.016	0.11989	0.0143736121
dtangle-ImmunoStates	Neutrophils	G	0.07232	0.395	0.32268	0.1041223824
dtangle-ImmunoStates	T Cells	G	0.14185	0.112	0.02985	0.0008910225
dtangle-ImmunoStates	B Cells	H	0.11784	0.1	0.01784	0.0003182656
dtangle-ImmunoStates	Monocytes	H	0.1187	0.813	0.6943	0.48205249
dtangle-ImmunoStates	NK	H	0.14354	0.01	0.13354	0.0178329316
dtangle-ImmunoStates	Neutrophils	H	0.04689	0.001	0.04589	0.0021058921
dtangle-ImmunoStates	T Cells	H	0.14463	0.075	0.06963	0.0048483369
dtangle-ImmunoStates	B Cells	I	0.11452	0.1	0.01452	0.0002108304
dtangle-ImmunoStates	Monocytes	I	0.11685	0.813	0.69615	0.4846248225
dtangle-ImmunoStates	NK	I	0.13647	0.01	0.12647	0.0159946609
dtangle-ImmunoStates	Neutrophils	I	0.05149	0.001	0.05049	0.0025492401
dtangle-ImmunoStates	T Cells	I	0.14135	0.075	0.06635	0.0044023225
dtangle-ImmunoStates	B Cells	J	0.11531	0.0	0.11531	0.0132963961
dtangle-ImmunoStates	Monocytes	J	0.07349	0.0	0.07349	0.0054007801
dtangle-ImmunoStates	NK	J	0.13654	0.0	0.13654	0.0186431716
dtangle-ImmunoStates	Neutrophils	J	0.03829	0.0	0.03829	0.0014661241
dtangle-ImmunoStates	T Cells	J	0.18287	1.0	0.81713	0.6677014369
dtangle-ImmunoStates	B Cells	K	0.11025	0.0	0.11025	0.0121550625
dtangle-ImmunoStates	Monocytes	K	0.06028	0.0	0.06028	0.0036336784
dtangle-ImmunoStates	NK	K	0.18445	0.0	0.18445	0.0340218025
dtangle-ImmunoStates	Neutrophils	K	0.0459	0.0	0.0459	0.00210681
dtangle-ImmunoStates	T Cells	K	0.18358	1.0	0.81642	0.6665416164
dtangle-ImmunoStates	B Cells	L	0.09224	0.0	0.09224	0.0085082176
dtangle-ImmunoStates	Monocytes	L	0.0891	0.0	0.0891	0.00793881
dtangle-ImmunoStates	NK	L	0.12649	0.0	0.12649	0.0159997201
dtangle-ImmunoStates	Neutrophils	L	0.05368	0.0	0.05368	0.0028815424
dtangle-ImmunoStates	T Cells	L	0.1806	1.0	0.8194	0.67141636
dtangle-LM22	B Cells	A	0.10602	0.194	0.08798	0.0077404804
dtangle-LM22	Monocytes	A	0.00689	0.194	0.18711	0.0350101521
dtangle-LM22	NK	A	0.23737	0.194	0.04337	0.0018809569
dtangle-LM22	Neutrophils	A	0.01353	0.03	0.01647	0.0002712609
dtangle-LM22	T Cells	A	0.4335	0.388	0.0455	0.00207025
dtangle-LM22	B Cells	B	0.10672	0.194	0.08728	0.0076177984
dtangle-LM22	Monocytes	B	0.00685	0.194	0.18715	0.0350251225
dtangle-LM22	NK	B	0.23764	0.194	0.04364	0.0019044496
dtangle-LM22	Neutrophils	B	0.01348	0.03	0.01652	0.0002729104
dtangle-LM22	T Cells	B	0.43216	0.388	0.04416	0.0019501056
dtangle-LM22	B Cells	C	0.0894	0.005	0.0844	0.00712336
dtangle-LM22	Monocytes	C	0.00591	0.01	0.00409	1.67281e-05
dtangle-LM22	NK	C	0.22807	0.051	0.17707	0.0313537849
dtangle-LM22	Neutrophils	C	0.01235	0.004	0.00835	6.97225e-05
dtangle-LM22	T Cells	C	0.47773	0.93	0.45227	0.2045481529
dtangle-LM22	B Cells	D	0.09304	0.005	0.08804	0.0077510416
dtangle-LM22	Monocytes	D	0.00596	0.01	0.00404	1.63216e-05
dtangle-LM22	NK	D	0.22953	0.051	0.17853	0.0318729609
dtangle-LM22	Neutrophils	D	0.01282	0.004	0.00882	7.77924e-05
dtangle-LM22	T Cells	D	0.47618	0.93	0.45382	0.2059525924
dtangle-LM22	B Cells	E	0.09252	0.01	0.08252	0.0068095504
dtangle-LM22	Monocytes	E	0.00612	0.026	0.01988	0.0003952144
dtangle-LM22	NK	E	0.24106	0.104	0.13706	0.0187854436
dtangle-LM22	Neutrophils	E	0.01269	0.008	0.00469	2.19961e-05
dtangle-LM22	T Cells	E	0.45906	0.851	0.39194	0.1536169636
dtangle-LM22	B Cells	F	0.09673	0.027	0.06973	0.0048622729
dtangle-LM22	Monocytes	F	0.00682	0.055	0.04818	0.0023213124
dtangle-LM22	NK	F	0.29171	0.885	0.59329	0.3519930241
dtangle-LM22	Neutrophils	F	0.01421	0.017	0.00279	7.7841e-06
dtangle-LM22	T Cells	F	0.38425	0.016	0.36825	0.1356080625
dtangle-LM22	B Cells	G	0.11039	0.159	0.04861	0.0023629321
dtangle-LM22	Monocytes	G	0.00755	0.319	0.31145	0.0970011025
dtangle-LM22	NK	G	0.22386	0.016	0.20786	0.0432057796
dtangle-LM22	Neutrophils	G	0.01624	0.395	0.37876	0.1434591376
dtangle-LM22	T Cells	G	0.42413	0.112	0.31213	0.0974251369
dtangle-LM22	B Cells	H	0.10315	0.1	0.00315	9.9225e-06
dtangle-LM22	Monocytes	H	0.00815	0.813	0.80485	0.6477835225
dtangle-LM22	NK	H	0.21236	0.01	0.20236	0.0409495696
dtangle-LM22	Neutrophils	H	0.01382	0.001	0.01282	0.0001643524
dtangle-LM22	T Cells	H	0.44023	0.075	0.36523	0.1333929529
dtangle-LM22	B Cells	I	0.10607	0.1	0.00607	3.68449e-05
dtangle-LM22	Monocytes	I	0.00819	0.813	0.80481	0.6477191361
dtangle-LM22	NK	I	0.21462	0.01	0.20462	0.0418693444
dtangle-LM22	Neutrophils	I	0.01392	0.001	0.01292	0.0001669264
dtangle-LM22	T Cells	I	0.43925	0.075	0.36425	0.1326780625
dtangle-LM22	B Cells	J	0.08826	0.0	0.08826	0.0077898276
dtangle-LM22	Monocytes	J	0.00432	0.0	0.00432	1.86624e-05
dtangle-LM22	NK	J	0.21428	0.0	0.21428	0.0459159184
dtangle-LM22	Neutrophils	J	0.01264	0.0	0.01264	0.0001597696
dtangle-LM22	T Cells	J	0.48481	1.0	0.51519	0.2654207361
dtangle-LM22	B Cells	K	0.08849	0.0	0.08849	0.0078304801
dtangle-LM22	Monocytes	K	0.00411	0.0	0.00411	1.68921e-05
dtangle-LM22	NK	K	0.23202	0.0	0.23202	0.0538332804
dtangle-LM22	Neutrophils	K	0.01145	0.0	0.01145	0.0001311025
dtangle-LM22	T Cells	K	0.47705	1.0	0.52295	0.2734767025
dtangle-LM22	B Cells	L	0.0876	0.0	0.0876	0.00767376
dtangle-LM22	Monocytes	L	0.00564	0.0	0.00564	3.18096e-05
dtangle-LM22	NK	L	0.21472	0.0	0.21472	0.0461046784
dtangle-LM22	Neutrophils	L	0.01181	0.0	0.01181	0.0001394761
dtangle-LM22	T Cells	L	0.47605	1.0	0.52395	0.2745236025
xCell-default	B Cells	A	0.2512	0.194	0.0572	0.00327184
xCell-default	Monocytes	A	0.469	0.194	0.275	0.075625
xCell-default	NK	A	0.2386	0.194	0.0446	0.00198916
xCell-default	Neutrophils	A	0.206	0.03	0.176	0.030976
xCell-default	T Cells	A	0.3653	0.388	0.0227	0.00051529
xCell-default	B Cells	B	0.267	0.194	0.073	0.005329
xCell-default	Monocytes	B	0.4793	0.194	0.2853	0.08139609
xCell-default	NK	B	0.2289	0.194	0.0349	0.00121801
xCell-default	Neutrophils	B	0.2159	0.03	0.1859	0.03455881
xCell-default	T Cells	B	0.3759	0.388	0.0121	0.00014641
xCell-default	B Cells	C	0.0903	0.005	0.0853	0.00727609
xCell-default	Monocytes	C	0.1385	0.01	0.1285	0.01651225
xCell-default	NK	C	0.1654	0.051	0.1144	0.01308736
xCell-default	Neutrophils	C	0.049	0.004	0.045	0.002025
xCell-default	T Cells	C	0.657	0.93	0.273	0.074529
xCell-default	B Cells	D	0.1002	0.005	0.0952	0.00906304
xCell-default	Monocytes	D	0.1387	0.01	0.1287	0.01656369
xCell-default	NK	D	0.1439	0.051	0.0929	0.00863041
xCell-default	Neutrophils	D	0.0483	0.004	0.0443	0.00196249
xCell-default	T Cells	D	0.6674	0.93	0.2626	0.06895876
xCell-default	B Cells	E	0.1049	0.01	0.0949	0.00900601
xCell-default	Monocytes	E	0.2742	0.026	0.2482	0.06160324
xCell-default	NK	E	0.268	0.104	0.164	0.026896
xCell-default	Neutrophils	E	0.0982	0.008	0.0902	0.00813604
xCell-default	T Cells	E	0.5965	0.851	0.2545	0.06477025
xCell-default	B Cells	F	0.0801	0.027	0.0531	0.00281961
xCell-default	Monocytes	F	0.366	0.055	0.311	0.096721
xCell-default	NK	F	0.4943	0.885	0.3907	0.15264649
xCell-default	Neutrophils	F	0.0977	0.017	0.0807	0.00651249
xCell-default	T Cells	F	0.08	0.016	0.064	0.004096
xCell-default	B Cells	G	0.185	0.159	0.026	0.000676
xCell-default	Monocytes	G	0.4796	0.319	0.1606	0.02579236
xCell-default	NK	G	0.027	0.016	0.011	0.000121
xCell-default	Neutrophils	G	0.397	0.395	0.002	4e-06
xCell-default	T Cells	G	0.0519	0.112	0.0601	0.00361201
xCell-default	B Cells	H	0.1482	0.1	0.0482	0.00232324
xCell-default	Monocytes	H	0.6523	0.813	0.1607	0.02582449
xCell-default	NK	H	0.0	0.01	0.01	0.0001
xCell-default	Neutrophils	H	0.16	0.001	0.159	0.025281
xCell-default	T Cells	H	0.0	0.075	0.075	0.005625
xCell-default	B Cells	I	0.1265	0.1	0.0265	0.00070225
xCell-default	Monocytes	I	0.6488	0.813	0.1642	0.02696164
xCell-default	NK	I	0.0	0.01	0.01	0.0001
xCell-default	Neutrophils	I	0.1491	0.001	0.1481	0.02193361
xCell-default	T Cells	I	0.0	0.075	0.075	0.005625
xCell-default	B Cells	J	0.082	0.0	0.082	0.006724
xCell-default	Monocytes	J	0.0	0.0	0.0	0.0
xCell-default	NK	J	0.0524	0.0	0.0524	0.00274576
xCell-default	Neutrophils	J	0.0	0.0	0.0	0.0
xCell-default	T Cells	J	0.5711	1.0	0.4289	0.18395521
xCell-default	B Cells	K	0.1026	0.0	0.1026	0.01052676
xCell-default	Monocytes	K	0.0	0.0	0.0	0.0
xCell-default	NK	K	0.2421	0.0	0.2421	0.05861241
xCell-default	Neutrophils	K	0.0	0.0	0.0	0.0
xCell-default	T Cells	K	0.6307	1.0	0.3693	0.13638249
xCell-default	B Cells	L	0.0	0.0	0.0	0.0
xCell-default	Monocytes	L	0.0101	0.0	0.0101	0.00010201
xCell-default	NK	L	0.0296	0.0	0.0296	0.00087616
xCell-default	Neutrophils	L	0.0306	0.0	0.0306	0.00093636
xCell-default	T Cells	L	0.5645	1.0	0.4355	0.18966025
